Symbol Name,ÄÚ½ºÇÇ
2014-01-02,"1,967.19"
2014-01-03,"1,946.14"
2014-01-06,"1,953.28"
2014-01-07,"1,959.44"
2014-01-08,"1,958.96"
2014-01-09,"1,946.11"
2014-01-10,"1,938.54"
2014-01-13,"1,948.92"
2014-01-14,"1,946.07"
2014-01-15,"1,953.28"
2014-01-16,"1,957.32"
2014-01-17,"1,944.48"
2014-01-20,"1,953.78"
2014-01-21,"1,963.89"
2014-01-22,"1,970.42"
2014-01-23,"1,947.59"
2014-01-24,"1,940.56"
2014-01-27,"1,910.34"
2014-01-28,"1,916.93"
2014-01-29,"1,941.15"
2014-02-03,"1,919.96"
2014-02-04,"1,886.85"
2014-02-05,"1,891.32"
2014-02-06,"1,907.89"
2014-02-07,"1,922.50"
2014-02-10,"1,923.30"
2014-02-11,"1,932.06"
2014-02-12,"1,935.84"
2014-02-13,"1,926.96"
2014-02-14,"1,940.28"
2014-02-17,"1,946.36"
2014-02-18,"1,946.91"
2014-02-19,"1,942.93"
2014-02-20,"1,930.57"
2014-02-21,"1,957.83"
2014-02-24,"1,949.05"
2014-02-25,"1,964.86"
2014-02-26,"1,970.77"
2014-02-27,"1,978.43"
2014-02-28,"1,979.99"
2014-03-03,"1,964.69"
2014-03-04,"1,954.11"
2014-03-05,"1,971.24"
2014-03-06,"1,975.62"
2014-03-07,"1,974.68"
2014-03-10,"1,954.42"
2014-03-11,"1,963.87"
2014-03-12,"1,932.54"
2014-03-13,"1,934.38"
2014-03-14,"1,919.90"
2014-03-17,"1,927.53"
2014-03-18,"1,940.21"
2014-03-19,"1,937.68"
2014-03-20,"1,919.52"
2014-03-21,"1,934.94"
2014-03-24,"1,945.55"
2014-03-25,"1,941.25"
2014-03-26,"1,964.31"
2014-03-27,"1,977.97"
2014-03-28,"1,981.00"
2014-03-31,"1,985.61"
2014-04-01,"1,991.98"
2014-04-02,"1,997.25"
2014-04-03,"1,993.70"
2014-04-04,"1,988.09"
2014-04-07,"1,989.70"
2014-04-08,"1,993.03"
2014-04-09,"1,998.95"
2014-04-10,"2,008.61"
2014-04-11,"1,997.44"
2014-04-14,"1,997.02"
2014-04-15,"1,992.27"
2014-04-16,"1,992.21"
2014-04-17,"1,992.05"
2014-04-18,"2,004.28"
2014-04-21,"1,999.22"
2014-04-22,"2,004.22"
2014-04-23,"2,000.37"
2014-04-24,"1,998.34"
2014-04-25,"1,971.66"
2014-04-28,"1,969.26"
2014-04-29,"1,964.77"
2014-04-30,"1,961.79"
2014-05-02,"1,959.44"
2014-05-07,"1,939.88"
2014-05-08,"1,950.60"
2014-05-09,"1,956.55"
2014-05-12,"1,964.94"
2014-05-13,"1,982.93"
2014-05-14,"2,010.83"
2014-05-15,"2,010.20"
2014-05-16,"2,013.44"
2014-05-19,"2,015.14"
2014-05-20,"2,011.26"
2014-05-21,"2,008.33"
2014-05-22,"2,015.59"
2014-05-23,"2,017.17"
2014-05-26,"2,010.35"
2014-05-27,"1,997.63"
2014-05-28,"2,017.06"
2014-05-29,"2,012.26"
2014-05-30,"1,994.96"
2014-06-02,"2,002.00"
2014-06-03,"2,008.56"
2014-06-05,"1,995.48"
2014-06-09,"1,990.04"
2014-06-10,"2,011.80"
2014-06-11,"2,014.67"
2014-06-12,"2,011.65"
2014-06-13,"1,990.85"
2014-06-16,"1,993.59"
2014-06-17,"2,001.55"
2014-06-18,"1,989.49"
2014-06-19,"1,992.03"
2014-06-20,"1,968.07"
2014-06-23,"1,974.92"
2014-06-24,"1,994.35"
2014-06-25,"1,981.77"
2014-06-26,"1,995.05"
2014-06-27,"1,988.51"
2014-06-30,"2,002.21"
2014-07-01,"1,999.00"
2014-07-02,"2,015.28"
2014-07-03,"2,010.97"
2014-07-04,"2,009.66"
2014-07-07,"2,005.12"
2014-07-08,"2,006.66"
2014-07-09,"2,000.50"
2014-07-10,"2,002.84"
2014-07-11,"1,988.74"
2014-07-14,"1,993.88"
2014-07-15,"2,012.72"
2014-07-16,"2,013.48"
2014-07-17,"2,020.90"
2014-07-18,"2,019.42"
2014-07-21,"2,018.50"
2014-07-22,"2,028.93"
2014-07-23,"2,028.32"
2014-07-24,"2,026.62"
2014-07-25,"2,033.85"
2014-07-28,"2,048.81"
2014-07-29,"2,061.97"
2014-07-30,"2,082.61"
2014-07-31,"2,076.12"
2014-08-01,"2,073.10"
2014-08-04,"2,080.42"
2014-08-05,"2,066.26"
2014-08-06,"2,060.73"
2014-08-07,"2,054.51"
2014-08-08,"2,031.10"
2014-08-11,"2,039.37"
2014-08-12,"2,041.47"
2014-08-13,"2,062.36"
2014-08-14,"2,063.22"
2014-08-18,"2,053.13"
2014-08-19,"2,071.14"
2014-08-20,"2,072.78"
2014-08-21,"2,044.21"
2014-08-22,"2,056.70"
2014-08-25,"2,060.89"
2014-08-26,"2,068.05"
2014-08-27,"2,074.93"
2014-08-28,"2,075.76"
2014-08-29,"2,068.54"
2014-09-01,"2,067.86"
2014-09-02,"2,051.58"
2014-09-03,"2,051.20"
2014-09-04,"2,056.26"
2014-09-05,"2,049.41"
2014-09-11,"2,034.16"
2014-09-12,"2,041.86"
2014-09-15,"2,035.82"
2014-09-16,"2,042.92"
2014-09-17,"2,062.61"
2014-09-18,"2,047.74"
2014-09-19,"2,053.82"
2014-09-22,"2,039.27"
2014-09-23,"2,028.91"
2014-09-24,"2,035.64"
2014-09-25,"2,034.11"
2014-09-26,"2,031.64"
2014-09-29,"2,026.60"
2014-09-30,"2,020.09"
2014-10-01,"1,991.54"
2014-10-02,"1,976.16"
2014-10-06,"1,968.39"
2014-10-07,"1,972.91"
2014-10-08,"1,965.25"
2014-10-10,"1,940.92"
2014-10-13,"1,927.21"
2014-10-14,"1,929.25"
2014-10-15,"1,925.91"
2014-10-16,"1,918.83"
2014-10-17,"1,900.66"
2014-10-20,"1,930.06"
2014-10-21,"1,915.28"
2014-10-22,"1,936.97"
2014-10-23,"1,931.65"
2014-10-24,"1,925.69"
2014-10-27,"1,931.97"
2014-10-28,"1,925.68"
2014-10-29,"1,961.17"
2014-10-30,"1,958.93"
2014-10-31,"1,964.43"
2014-11-03,"1,952.97"
2014-11-04,"1,935.19"
2014-11-05,"1,931.43"
2014-11-06,"1,936.48"
2014-11-07,"1,939.87"
2014-11-10,"1,958.23"
2014-11-11,"1,963.00"
2014-11-12,"1,967.27"
2014-11-13,"1,960.51"
2014-11-14,"1,945.14"
2014-11-17,"1,943.63"
2014-11-18,"1,967.01"
2014-11-19,"1,966.87"
2014-11-20,"1,958.04"
2014-11-21,"1,964.84"
2014-11-24,"1,978.54"
2014-11-25,"1,980.21"
2014-11-26,"1,980.84"
2014-11-27,"1,982.09"
2014-11-28,"1,980.78"
2014-12-01,"1,965.22"
2014-12-02,"1,965.83"
2014-12-03,"1,969.91"
2014-12-04,"1,986.61"
2014-12-05,"1,986.62"
2014-12-08,"1,978.95"
2014-12-09,"1,970.95"
2014-12-10,"1,945.56"
2014-12-11,"1,916.59"
2014-12-12,"1,921.71"
2014-12-15,"1,920.36"
2014-12-16,"1,904.13"
2014-12-17,"1,900.16"
2014-12-18,"1,897.50"
2014-12-19,"1,929.98"
2014-12-22,"1,943.12"
2014-12-23,"1,939.02"
2014-12-24,"1,946.61"
2014-12-26,"1,948.16"
2014-12-29,"1,927.86"
2014-12-30,"1,915.59"
2015-01-02,"1,926.44"
2015-01-05,"1,915.75"
2015-01-06,"1,882.45"
2015-01-07,"1,883.83"
2015-01-08,"1,904.65"
2015-01-09,"1,924.70"
2015-01-12,"1,920.95"
2015-01-13,"1,917.14"
2015-01-14,"1,913.66"
2015-01-15,"1,914.14"
2015-01-16,"1,888.13"
2015-01-19,"1,902.62"
2015-01-20,"1,918.31"
2015-01-21,"1,921.23"
2015-01-22,"1,920.82"
2015-01-23,"1,936.09"
2015-01-26,"1,935.68"
2015-01-27,"1,952.40"
2015-01-28,"1,961.58"
2015-01-29,"1,951.02"
2015-01-30,"1,949.26"
2015-02-02,"1,952.68"
2015-02-03,"1,951.96"
2015-02-04,"1,962.79"
2015-02-05,"1,952.84"
2015-02-06,"1,955.52"
2015-02-09,"1,947.00"
2015-02-10,"1,935.86"
2015-02-11,"1,945.70"
2015-02-12,"1,941.63"
2015-02-13,"1,957.50"
2015-02-16,"1,958.23"
2015-02-17,"1,961.45"
2015-02-23,"1,968.39"
2015-02-24,"1,976.12"
2015-02-25,"1,990.47"
2015-02-26,"1,993.08"
2015-02-27,"1,985.80"
2015-03-02,"1,996.81"
2015-03-03,"2,001.38"
2015-03-04,"1,998.29"
2015-03-05,"1,998.38"
2015-03-06,"2,012.94"
2015-03-09,"1,992.82"
2015-03-10,"1,984.77"
2015-03-11,"1,980.83"
2015-03-12,"1,970.59"
2015-03-13,"1,985.79"
2015-03-16,"1,987.33"
2015-03-17,"2,029.91"
2015-03-18,"2,028.45"
2015-03-19,"2,037.89"
2015-03-20,"2,037.24"
2015-03-23,"2,036.59"
2015-03-24,"2,041.37"
2015-03-25,"2,042.81"
2015-03-26,"2,022.56"
2015-03-27,"2,019.80"
2015-03-30,"2,030.04"
2015-03-31,"2,041.03"
2015-04-01,"2,028.45"
2015-04-02,"2,029.07"
2015-04-03,"2,045.42"
2015-04-06,"2,046.43"
2015-04-07,"2,047.03"
2015-04-08,"2,059.26"
2015-04-09,"2,058.87"
2015-04-10,"2,087.76"
2015-04-13,"2,098.92"
2015-04-14,"2,111.72"
2015-04-15,"2,119.96"
2015-04-16,"2,139.90"
2015-04-17,"2,143.50"
2015-04-20,"2,146.71"
2015-04-21,"2,144.79"
2015-04-22,"2,143.89"
2015-04-23,"2,173.41"
2015-04-24,"2,159.80"
2015-04-27,"2,157.54"
2015-04-28,"2,147.67"
2015-04-29,"2,142.63"
2015-04-30,"2,127.17"
2015-05-04,"2,132.23"
2015-05-06,"2,104.58"
2015-05-07,"2,091.00"
2015-05-08,"2,085.52"
2015-05-11,"2,097.38"
2015-05-12,"2,096.77"
2015-05-13,"2,114.16"
2015-05-14,"2,120.33"
2015-05-15,"2,106.50"
2015-05-18,"2,113.72"
2015-05-19,"2,120.85"
2015-05-20,"2,139.54"
2015-05-21,"2,122.81"
2015-05-22,"2,146.10"
2015-05-26,"2,143.50"
2015-05-27,"2,107.50"
2015-05-28,"2,110.89"
2015-05-29,"2,114.80"
2015-06-01,"2,102.37"
2015-06-02,"2,078.64"
2015-06-03,"2,063.16"
2015-06-04,"2,072.86"
2015-06-05,"2,068.10"
2015-06-08,"2,065.19"
2015-06-09,"2,064.03"
2015-06-10,"2,051.32"
2015-06-11,"2,056.61"
2015-06-12,"2,052.17"
2015-06-15,"2,042.32"
2015-06-16,"2,028.72"
2015-06-17,"2,034.86"
2015-06-18,"2,041.88"
2015-06-19,"2,046.96"
2015-06-22,"2,055.16"
2015-06-23,"2,081.20"
2015-06-24,"2,085.53"
2015-06-25,"2,085.06"
2015-06-26,"2,090.26"
2015-06-29,"2,060.49"
2015-06-30,"2,074.20"
2015-07-01,"2,097.89"
2015-07-02,"2,107.33"
2015-07-03,"2,104.41"
2015-07-06,"2,053.93"
2015-07-07,"2,040.29"
2015-07-08,"2,016.21"
2015-07-09,"2,027.81"
2015-07-10,"2,031.17"
2015-07-13,"2,061.52"
2015-07-14,"2,059.23"
2015-07-15,"2,072.91"
2015-07-16,"2,087.89"
2015-07-17,"2,076.79"
2015-07-20,"2,073.31"
2015-07-21,"2,083.62"
2015-07-22,"2,064.73"
2015-07-23,"2,065.07"
2015-07-24,"2,045.96"
2015-07-27,"2,038.81"
2015-07-28,"2,039.10"
2015-07-29,"2,037.62"
2015-07-30,"2,019.03"
2015-07-31,"2,030.16"
2015-08-03,"2,008.49"
2015-08-04,"2,027.99"
2015-08-05,"2,029.76"
2015-08-06,"2,013.29"
2015-08-07,"2,010.23"
2015-08-10,"2,003.17"
2015-08-11,"1,986.65"
2015-08-12,"1,975.47"
2015-08-13,"1,983.46"
2015-08-17,"1,968.52"
2015-08-18,"1,956.26"
2015-08-19,"1,939.38"
2015-08-20,"1,914.55"
2015-08-21,"1,876.07"
2015-08-24,"1,829.81"
2015-08-25,"1,846.63"
2015-08-26,"1,894.09"
2015-08-27,"1,908.00"
2015-08-28,"1,937.67"
2015-08-31,"1,941.49"
2015-09-01,"1,914.23"
2015-09-02,"1,915.22"
2015-09-03,"1,915.53"
2015-09-04,"1,886.04"
2015-09-07,"1,883.22"
2015-09-08,"1,878.68"
2015-09-09,"1,934.20"
2015-09-10,"1,962.11"
2015-09-11,"1,941.37"
2015-09-14,"1,931.46"
2015-09-15,"1,937.56"
2015-09-16,"1,975.45"
2015-09-17,"1,976.49"
2015-09-18,"1,995.95"
2015-09-21,"1,964.68"
2015-09-22,"1,982.06"
2015-09-23,"1,944.64"
2015-09-24,"1,947.10"
2015-09-25,"1,942.85"
2015-09-30,"1,962.81"
2015-10-01,"1,979.32"
2015-10-02,"1,969.68"
2015-10-05,"1,978.25"
2015-10-06,"1,990.65"
2015-10-07,"2,005.84"
2015-10-08,"2,019.53"
2015-10-12,"2,021.63"
2015-10-13,"2,019.05"
2015-10-14,"2,009.55"
2015-10-15,"2,033.27"
2015-10-16,"2,030.26"
2015-10-19,"2,030.27"
2015-10-20,"2,039.36"
2015-10-21,"2,042.98"
2015-10-22,"2,023.00"
2015-10-23,"2,040.40"
2015-10-26,"2,048.08"
2015-10-27,"2,044.65"
2015-10-28,"2,042.51"
2015-10-29,"2,034.16"
2015-10-30,"2,029.47"
2015-11-02,"2,035.24"
2015-11-03,"2,048.40"
2015-11-04,"2,052.77"
2015-11-05,"2,049.41"
2015-11-06,"2,041.07"
2015-11-09,"2,025.70"
2015-11-10,"1,996.59"
2015-11-11,"1,997.27"
2015-11-12,"1,993.36"
2015-11-13,"1,973.29"
2015-11-16,"1,943.02"
2015-11-17,"1,963.58"
2015-11-18,"1,962.88"
2015-11-19,"1,988.91"
2015-11-20,"1,989.86"
2015-11-23,"2,003.70"
2015-11-24,"2,016.29"
2015-11-25,"2,009.42"
2015-11-26,"2,030.68"
2015-11-27,"2,028.99"
2015-11-30,"1,991.97"
2015-12-01,"2,023.93"
2015-12-02,"2,009.29"
2015-12-03,"1,994.07"
2015-12-04,"1,974.40"
2015-12-07,"1,963.67"
2015-12-08,"1,949.04"
2015-12-09,"1,948.24"
2015-12-10,"1,952.07"
2015-12-11,"1,948.62"
2015-12-14,"1,927.82"
2015-12-15,"1,932.97"
2015-12-16,"1,969.40"
2015-12-17,"1,977.96"
2015-12-18,"1,975.32"
2015-12-21,"1,981.19"
2015-12-22,"1,992.56"
2015-12-23,"1,999.22"
2015-12-24,"1,990.65"
2015-12-28,"1,964.06"
2015-12-29,"1,966.31"
2015-12-30,"1,961.31"
2016-01-04,"1,918.76"
2016-01-05,"1,930.53"
2016-01-06,"1,925.43"
2016-01-07,"1,904.33"
2016-01-08,"1,917.62"
2016-01-11,"1,894.84"
2016-01-12,"1,890.86"
2016-01-13,"1,916.28"
2016-01-14,"1,900.01"
2016-01-15,"1,878.87"
2016-01-18,"1,878.45"
2016-01-19,"1,889.64"
2016-01-20,"1,845.45"
2016-01-21,"1,840.53"
2016-01-22,"1,879.43"
2016-01-25,"1,893.43"
2016-01-26,"1,871.69"
2016-01-27,"1,897.87"
2016-01-28,"1,906.94"
2016-01-29,"1,912.06"
2016-02-01,"1,924.82"
2016-02-02,"1,906.60"
2016-02-03,"1,890.67"
2016-02-04,"1,916.26"
2016-02-05,"1,917.79"
2016-02-11,"1,861.54"
2016-02-12,"1,835.28"
2016-02-15,"1,862.20"
2016-02-16,"1,888.30"
2016-02-17,"1,883.94"
2016-02-18,"1,908.84"
2016-02-19,"1,916.24"
2016-02-22,"1,916.36"
2016-02-23,"1,914.22"
2016-02-24,"1,912.53"
2016-02-25,"1,918.57"
2016-02-26,"1,920.16"
2016-02-29,"1,916.66"
2016-03-02,"1,947.42"
2016-03-03,"1,958.17"
2016-03-04,"1,955.63"
2016-03-07,"1,957.87"
2016-03-08,"1,946.12"
2016-03-09,"1,952.95"
2016-03-10,"1,969.33"
2016-03-11,"1,971.41"
2016-03-14,"1,972.27"
2016-03-15,"1,969.97"
2016-03-16,"1,974.90"
2016-03-17,"1,987.99"
2016-03-18,"1,992.12"
2016-03-21,"1,989.76"
2016-03-22,"1,996.81"
2016-03-23,"1,995.12"
2016-03-24,"1,985.97"
2016-03-25,"1,983.81"
2016-03-28,"1,982.54"
2016-03-29,"1,994.91"
2016-03-30,"2,002.14"
2016-03-31,"1,995.85"
2016-04-01,"1,973.57"
2016-04-04,"1,978.97"
2016-04-05,"1,962.74"
2016-04-06,"1,971.32"
2016-04-07,"1,973.89"
2016-04-08,"1,972.05"
2016-04-11,"1,970.37"
2016-04-12,"1,981.32"
2016-04-14,"2,015.93"
2016-04-15,"2,014.71"
2016-04-18,"2,009.10"
2016-04-19,"2,011.36"
2016-04-20,"2,005.83"
2016-04-21,"2,022.10"
2016-04-22,"2,015.49"
2016-04-25,"2,014.55"
2016-04-26,"2,019.63"
2016-04-27,"2,015.40"
2016-04-28,"2,000.93"
2016-04-29,"1,994.15"
2016-05-02,"1,978.15"
2016-05-03,"1,986.41"
2016-05-04,"1,976.71"
2016-05-09,"1,967.81"
2016-05-10,"1,982.50"
2016-05-11,"1,980.10"
2016-05-12,"1,977.49"
2016-05-13,"1,966.99"
2016-05-16,"1,967.91"
2016-05-17,"1,968.06"
2016-05-18,"1,956.73"
2016-05-19,"1,946.78"
2016-05-20,"1,947.67"
2016-05-23,"1,955.25"
2016-05-24,"1,937.68"
2016-05-25,"1,960.51"
2016-05-26,"1,957.06"
2016-05-27,"1,969.17"
2016-05-30,"1,967.13"
2016-05-31,"1,983.40"
2016-06-01,"1,982.72"
2016-06-02,"1,985.11"
2016-06-03,"1,985.84"
2016-06-07,"2,011.63"
2016-06-08,"2,027.08"
2016-06-09,"2,024.17"
2016-06-10,"2,017.63"
2016-06-13,"1,979.06"
2016-06-14,"1,972.03"
2016-06-15,"1,968.83"
2016-06-16,"1,951.99"
2016-06-17,"1,953.40"
2016-06-20,"1,981.12"
2016-06-21,"1,982.70"
2016-06-22,"1,992.58"
2016-06-23,"1,986.71"
2016-06-24,"1,925.24"
2016-06-27,"1,926.85"
2016-06-28,"1,936.22"
2016-06-29,"1,956.36"
2016-06-30,"1,970.35"
2016-07-01,"1,987.32"
2016-07-04,"1,995.30"
2016-07-05,"1,989.85"
2016-07-06,"1,953.12"
2016-07-07,"1,974.08"
2016-07-08,"1,963.10"
2016-07-11,"1,988.54"
2016-07-12,"1,991.23"
2016-07-13,"2,005.55"
2016-07-14,"2,008.77"
2016-07-15,"2,017.26"
2016-07-18,"2,021.11"
2016-07-19,"2,016.89"
2016-07-20,"2,015.46"
2016-07-21,"2,012.22"
2016-07-22,"2,010.34"
2016-07-25,"2,012.32"
2016-07-26,"2,027.34"
2016-07-27,"2,025.05"
2016-07-28,"2,021.10"
2016-07-29,"2,016.19"
2016-08-01,"2,029.61"
2016-08-02,"2,019.03"
2016-08-03,"1,994.79"
2016-08-04,"2,000.03"
2016-08-05,"2,017.94"
2016-08-08,"2,031.12"
2016-08-09,"2,043.78"
2016-08-10,"2,044.64"
2016-08-11,"2,048.80"
2016-08-12,"2,050.47"
2016-08-16,"2,047.76"
2016-08-17,"2,043.75"
2016-08-18,"2,055.47"
2016-08-19,"2,056.24"
2016-08-22,"2,042.16"
2016-08-23,"2,049.93"
2016-08-24,"2,043.76"
2016-08-25,"2,042.92"
2016-08-26,"2,037.50"
2016-08-29,"2,032.35"
2016-08-30,"2,039.74"
2016-08-31,"2,034.65"
2016-09-01,"2,032.72"
2016-09-02,"2,038.31"
2016-09-05,"2,060.08"
2016-09-06,"2,066.53"
2016-09-07,"2,061.88"
2016-09-08,"2,063.73"
2016-09-09,"2,037.87"
2016-09-12,"1,991.48"
2016-09-13,"1,999.36"
2016-09-19,"2,015.78"
2016-09-20,"2,025.71"
2016-09-21,"2,035.99"
2016-09-22,"2,049.70"
2016-09-23,"2,054.07"
2016-09-26,"2,047.11"
2016-09-27,"2,062.82"
2016-09-28,"2,053.06"
2016-09-29,"2,068.72"
2016-09-30,"2,043.63"
2016-10-04,"2,054.86"
2016-10-05,"2,053.00"
2016-10-06,"2,065.30"
2016-10-07,"2,053.80"
2016-10-10,"2,056.82"
2016-10-11,"2,031.93"
2016-10-12,"2,033.73"
2016-10-13,"2,015.44"
2016-10-14,"2,022.66"
2016-10-17,"2,027.61"
2016-10-18,"2,040.43"
2016-10-19,"2,040.94"
2016-10-20,"2,040.60"
2016-10-21,"2,033.00"
2016-10-24,"2,047.74"
2016-10-25,"2,037.17"
2016-10-26,"2,013.89"
2016-10-27,"2,024.12"
2016-10-28,"2,019.42"
2016-10-31,"2,008.19"
2016-11-01,"2,007.39"
2016-11-02,"1,978.94"
2016-11-03,"1,983.80"
2016-11-04,"1,982.02"
2016-11-07,"1,997.58"
2016-11-08,"2,003.38"
2016-11-09,"1,958.38"
2016-11-10,"2,002.60"
2016-11-11,"1,984.43"
2016-11-14,"1,974.40"
2016-11-15,"1,967.53"
2016-11-16,"1,979.65"
2016-11-17,"1,980.55"
2016-11-18,"1,974.58"
2016-11-21,"1,966.05"
2016-11-22,"1,983.47"
2016-11-23,"1,987.95"
2016-11-24,"1,971.26"
2016-11-25,"1,974.46"
2016-11-28,"1,978.13"
2016-11-29,"1,978.39"
2016-11-30,"1,983.48"
2016-12-01,"1,983.75"
2016-12-02,"1,970.61"
2016-12-05,"1,963.36"
2016-12-06,"1,989.86"
2016-12-07,"1,991.89"
2016-12-08,"2,031.07"
2016-12-09,"2,024.69"
2016-12-12,"2,027.24"
2016-12-13,"2,035.98"
2016-12-14,"2,036.87"
2016-12-15,"2,036.65"
2016-12-16,"2,042.24"
2016-12-19,"2,038.39"
2016-12-20,"2,041.94"
2016-12-21,"2,037.96"
2016-12-22,"2,035.73"
2016-12-23,"2,035.90"
2016-12-26,"2,037.75"
2016-12-27,"2,042.17"
2016-12-28,"2,024.49"
2016-12-29,"2,026.46"
2017-01-02,"2,026.16"
2017-01-03,"2,043.97"
2017-01-04,"2,045.64"
2017-01-05,"2,041.95"
2017-01-06,"2,049.12"
2017-01-09,"2,048.78"
2017-01-10,"2,045.12"
2017-01-11,"2,075.17"
2017-01-12,"2,087.14"
2017-01-13,"2,076.79"
2017-01-16,"2,064.17"
2017-01-17,"2,071.87"
2017-01-18,"2,070.54"
2017-01-19,"2,072.79"
2017-01-20,"2,065.61"
2017-01-23,"2,065.99"
2017-01-24,"2,065.76"
2017-01-25,"2,066.94"
2017-01-26,"2,083.59"
2017-01-31,"2,067.57"
2017-02-01,"2,080.48"
2017-02-02,"2,071.01"
2017-02-03,"2,073.16"
2017-02-06,"2,077.66"
2017-02-07,"2,075.21"
2017-02-08,"2,065.08"
2017-02-09,"2,065.88"
2017-02-10,"2,075.08"
2017-02-13,"2,078.65"
2017-02-14,"2,074.57"
2017-02-15,"2,083.86"
2017-02-16,"2,081.84"
2017-02-17,"2,080.58"
2017-02-20,"2,084.39"
2017-02-21,"2,102.93"
2017-02-22,"2,106.61"
2017-02-23,"2,107.63"
2017-02-24,"2,094.12"
2017-02-27,"2,085.52"
2017-02-28,"2,091.64"
2017-03-02,"2,102.65"
2017-03-03,"2,078.75"
2017-03-06,"2,081.36"
2017-03-07,"2,094.05"
2017-03-08,"2,095.41"
2017-03-09,"2,091.06"
2017-03-10,"2,097.35"
2017-03-13,"2,117.59"
2017-03-14,"2,133.78"
2017-03-15,"2,133.00"
2017-03-16,"2,150.08"
2017-03-17,"2,164.58"
2017-03-20,"2,157.01"
2017-03-21,"2,178.38"
2017-03-22,"2,168.30"
2017-03-23,"2,172.72"
2017-03-24,"2,168.95"
2017-03-27,"2,155.66"
2017-03-28,"2,163.31"
2017-03-29,"2,166.98"
2017-03-30,"2,164.64"
2017-03-31,"2,160.23"
2017-04-03,"2,167.51"
2017-04-04,"2,161.10"
2017-04-05,"2,160.85"
2017-04-06,"2,152.75"
2017-04-07,"2,151.73"
2017-04-10,"2,133.32"
2017-04-11,"2,123.85"
2017-04-12,"2,128.91"
2017-04-13,"2,148.61"
2017-04-14,"2,134.88"
2017-04-17,"2,145.76"
2017-04-18,"2,148.46"
2017-04-19,"2,138.40"
2017-04-20,"2,149.15"
2017-04-21,"2,165.04"
2017-04-24,"2,173.74"
2017-04-25,"2,196.85"
2017-04-26,"2,207.84"
2017-04-27,"2,209.46"
2017-04-28,"2,205.44"
2017-05-02,"2,219.67"
2017-05-04,"2,241.24"
2017-05-08,"2,292.76"
2017-05-10,"2,270.12"
2017-05-11,"2,296.37"
2017-05-12,"2,286.02"
2017-05-15,"2,290.65"
2017-05-16,"2,295.33"
2017-05-17,"2,293.08"
2017-05-18,"2,286.82"
2017-05-19,"2,288.48"
2017-05-22,"2,304.03"
2017-05-23,"2,311.74"
2017-05-24,"2,317.34"
2017-05-25,"2,342.93"
2017-05-26,"2,355.30"
2017-05-29,"2,352.97"
2017-05-30,"2,343.68"
2017-05-31,"2,347.38"
2017-06-01,"2,344.61"
2017-06-02,"2,371.72"
2017-06-05,"2,368.62"
2017-06-07,"2,360.14"
2017-06-08,"2,363.57"
2017-06-09,"2,381.69"
2017-06-12,"2,357.87"
2017-06-13,"2,374.70"
2017-06-14,"2,372.64"
2017-06-15,"2,361.65"
2017-06-16,"2,361.83"
2017-06-19,"2,370.90"
2017-06-20,"2,369.23"
2017-06-21,"2,357.53"
2017-06-22,"2,370.37"
2017-06-23,"2,378.60"
2017-06-26,"2,388.66"
2017-06-27,"2,391.95"
2017-06-28,"2,382.56"
2017-06-29,"2,395.66"
2017-06-30,"2,391.79"
2017-07-03,"2,394.48"
2017-07-04,"2,380.52"
2017-07-05,"2,388.35"
2017-07-06,"2,387.81"
2017-07-07,"2,379.87"
2017-07-10,"2,382.10"
2017-07-11,"2,396.00"
2017-07-12,"2,391.77"
2017-07-13,"2,409.49"
2017-07-14,"2,414.63"
2017-07-17,"2,425.10"
2017-07-18,"2,426.04"
2017-07-19,"2,429.94"
2017-07-20,"2,441.84"
2017-07-21,"2,450.06"
2017-07-24,"2,451.53"
2017-07-25,"2,439.90"
2017-07-26,"2,434.51"
2017-07-27,"2,443.24"
2017-07-28,"2,400.99"
2017-07-31,"2,402.71"
2017-08-01,"2,422.96"
2017-08-02,"2,427.63"
2017-08-03,"2,386.85"
2017-08-04,"2,395.45"
2017-08-07,"2,398.75"
2017-08-08,"2,394.73"
2017-08-09,"2,368.39"
2017-08-10,"2,359.47"
2017-08-11,"2,319.71"
2017-08-14,"2,334.22"
2017-08-16,"2,348.26"
2017-08-17,"2,361.67"
2017-08-18,"2,358.37"
2017-08-21,"2,355.00"
2017-08-22,"2,365.33"
2017-08-23,"2,366.40"
2017-08-24,"2,375.84"
2017-08-25,"2,378.51"
2017-08-28,"2,370.30"
2017-08-29,"2,364.74"
2017-08-30,"2,372.29"
2017-08-31,"2,363.19"
2017-09-01,"2,357.69"
2017-09-04,"2,329.65"
2017-09-05,"2,326.62"
2017-09-06,"2,319.82"
2017-09-07,"2,346.19"
2017-09-08,"2,343.72"
2017-09-11,"2,359.08"
2017-09-12,"2,365.47"
2017-09-13,"2,360.18"
2017-09-14,"2,377.66"
2017-09-15,"2,386.07"
2017-09-18,"2,418.21"
2017-09-19,"2,416.05"
2017-09-20,"2,412.20"
2017-09-21,"2,406.50"
2017-09-22,"2,388.71"
2017-09-25,"2,380.40"
2017-09-26,"2,374.32"
2017-09-27,"2,372.57"
2017-09-28,"2,373.14"
2017-09-29,"2,394.47"
2017-10-10,"2,433.81"
2017-10-11,"2,458.16"
2017-10-12,"2,474.76"
2017-10-13,"2,473.62"
2017-10-16,"2,480.05"
2017-10-17,"2,484.37"
2017-10-18,"2,482.91"
2017-10-19,"2,473.06"
2017-10-20,"2,489.54"
2017-10-23,"2,490.05"
2017-10-24,"2,490.49"
2017-10-25,"2,492.50"
2017-10-26,"2,480.63"
2017-10-27,"2,496.63"
2017-10-30,"2,501.93"
2017-10-31,"2,523.43"
2017-11-01,"2,556.47"
2017-11-02,"2,546.36"
2017-11-03,"2,557.97"
2017-11-06,"2,549.41"
2017-11-07,"2,545.44"
2017-11-08,"2,552.40"
2017-11-09,"2,550.57"
2017-11-10,"2,542.95"
2017-11-13,"2,530.35"
2017-11-14,"2,526.64"
2017-11-15,"2,518.25"
2017-11-16,"2,534.79"
2017-11-17,"2,533.99"
2017-11-20,"2,527.67"
2017-11-21,"2,530.70"
2017-11-22,"2,540.51"
2017-11-23,"2,537.15"
2017-11-24,"2,544.33"
2017-11-27,"2,507.81"
2017-11-28,"2,514.19"
2017-11-29,"2,512.90"
2017-11-30,"2,476.37"
2017-12-01,"2,475.41"
2017-12-04,"2,501.67"
2017-12-05,"2,510.12"
2017-12-06,"2,474.37"
2017-12-07,"2,461.98"
2017-12-08,"2,464.00"
2017-12-11,"2,471.49"
2017-12-12,"2,461.00"
2017-12-13,"2,480.55"
2017-12-14,"2,469.48"
2017-12-15,"2,482.07"
2017-12-18,"2,481.88"
2017-12-19,"2,478.53"
2017-12-20,"2,472.37"
2017-12-21,"2,429.83"
2017-12-22,"2,440.54"
2017-12-26,"2,427.34"
2017-12-27,"2,436.67"
2017-12-28,"2,467.49"
2018-01-02,"2,479.65"
2018-01-03,"2,486.35"
2018-01-04,"2,466.46"
2018-01-05,"2,497.52"
2018-01-08,"2,513.28"
2018-01-09,"2,510.23"
2018-01-10,"2,499.75"
2018-01-11,"2,487.91"
2018-01-12,"2,496.42"
2018-01-15,"2,503.73"
2018-01-16,"2,521.74"
2018-01-17,"2,515.43"
2018-01-18,"2,515.81"
2018-01-19,"2,520.26"
2018-01-22,"2,502.11"
2018-01-23,"2,536.60"
2018-01-24,"2,538.00"
2018-01-25,"2,562.23"
2018-01-26,"2,574.76"
2018-01-29,"2,598.19"
2018-01-30,"2,567.74"
2018-01-31,"2,566.46"
2018-02-01,"2,568.54"
2018-02-02,"2,525.39"
2018-02-05,"2,491.75"
2018-02-06,"2,453.31"
2018-02-07,"2,396.56"
2018-02-08,"2,407.62"
2018-02-09,"2,363.77"
2018-02-12,"2,385.38"
2018-02-13,"2,395.19"
2018-02-14,"2,421.83"
2018-02-19,"2,442.82"
2018-02-20,"2,415.12"
2018-02-21,"2,429.65"
2018-02-22,"2,414.28"
2018-02-23,"2,451.52"
2018-02-26,"2,457.65"
2018-02-27,"2,456.14"
2018-02-28,"2,427.36"
2018-03-02,"2,402.16"
2018-03-05,"2,375.06"
2018-03-06,"2,411.41"
2018-03-07,"2,401.82"
2018-03-08,"2,433.08"
2018-03-09,"2,459.45"
2018-03-12,"2,484.12"
2018-03-13,"2,494.49"
2018-03-14,"2,486.08"
2018-03-15,"2,492.38"
2018-03-16,"2,493.97"
2018-03-19,"2,475.03"
2018-03-20,"2,485.52"
2018-03-21,"2,484.97"
2018-03-22,"2,496.02"
2018-03-23,"2,416.76"
2018-03-26,"2,437.08"
2018-03-27,"2,452.06"
2018-03-28,"2,419.29"
2018-03-29,"2,436.37"
2018-03-30,"2,445.85"
2018-04-02,"2,444.16"
2018-04-03,"2,442.43"
2018-04-04,"2,408.06"
2018-04-05,"2,437.52"
2018-04-06,"2,429.58"
2018-04-09,"2,444.08"
2018-04-10,"2,450.74"
2018-04-11,"2,444.22"
2018-04-12,"2,442.71"
2018-04-13,"2,455.07"
2018-04-16,"2,457.49"
2018-04-17,"2,453.77"
2018-04-18,"2,479.98"
2018-04-19,"2,486.10"
2018-04-20,"2,476.33"
2018-04-23,"2,474.11"
2018-04-24,"2,464.14"
2018-04-25,"2,448.81"
2018-04-26,"2,475.64"
2018-04-27,"2,492.40"
2018-04-30,"2,515.38"
2018-05-02,"2,505.61"
2018-05-03,"2,487.25"
2018-05-04,"2,461.38"
2018-05-08,"2,449.81"
2018-05-09,"2,443.98"
2018-05-10,"2,464.16"
2018-05-11,"2,477.71"
2018-05-14,"2,476.11"
2018-05-15,"2,458.54"
2018-05-16,"2,459.82"
2018-05-17,"2,448.45"
2018-05-18,"2,460.65"
2018-05-21,"2,465.57"
2018-05-23,"2,471.91"
2018-05-24,"2,466.01"
2018-05-25,"2,460.80"
2018-05-28,"2,478.96"
2018-05-29,"2,457.25"
2018-05-30,"2,409.03"
2018-05-31,"2,423.01"
2018-06-01,"2,438.96"
2018-06-04,"2,447.76"
2018-06-05,"2,453.76"
2018-06-07,"2,470.58"
2018-06-08,"2,451.58"
2018-06-11,"2,470.15"
2018-06-12,"2,468.83"
2018-06-14,"2,423.48"
2018-06-15,"2,404.04"
2018-06-18,"2,376.24"
2018-06-19,"2,340.11"
2018-06-20,"2,363.91"
2018-06-21,"2,337.83"
2018-06-22,"2,357.22"
2018-06-25,"2,357.88"
2018-06-26,"2,350.92"
2018-06-27,"2,342.03"
2018-06-28,"2,314.24"
2018-06-29,"2,326.13"
2018-07-02,"2,271.54"
2018-07-03,"2,272.76"
2018-07-04,"2,265.46"
2018-07-05,"2,257.55"
2018-07-06,"2,272.87"
2018-07-09,"2,285.80"
2018-07-10,"2,294.16"
2018-07-11,"2,280.62"
2018-07-12,"2,285.06"
2018-07-13,"2,310.90"
2018-07-16,"2,301.99"
2018-07-17,"2,297.92"
2018-07-18,"2,290.11"
2018-07-19,"2,282.29"
2018-07-20,"2,289.19"
2018-07-23,"2,269.31"
2018-07-24,"2,280.20"
2018-07-25,"2,273.03"
2018-07-26,"2,289.06"
2018-07-27,"2,294.99"
2018-07-30,"2,293.51"
2018-07-31,"2,295.26"
2018-08-01,"2,307.07"
2018-08-02,"2,270.20"
2018-08-03,"2,287.68"
2018-08-06,"2,286.50"
2018-08-07,"2,300.16"
2018-08-08,"2,301.45"
2018-08-09,"2,303.71"
2018-08-10,"2,282.79"
2018-08-13,"2,248.45"
2018-08-14,"2,258.91"
2018-08-16,"2,240.80"
2018-08-17,"2,247.05"
2018-08-20,"2,247.88"
2018-08-21,"2,270.06"
2018-08-22,"2,273.33"
2018-08-23,"2,282.60"
2018-08-24,"2,293.21"
2018-08-27,"2,299.30"
2018-08-28,"2,303.12"
2018-08-29,"2,309.03"
2018-08-30,"2,307.35"
2018-08-31,"2,322.88"
2018-09-03,"2,307.03"
2018-09-04,"2,315.72"
2018-09-05,"2,291.77"
2018-09-06,"2,287.61"
2018-09-07,"2,281.58"
2018-09-10,"2,288.66"
2018-09-11,"2,283.20"
2018-09-12,"2,282.92"
2018-09-13,"2,286.23"
2018-09-14,"2,318.25"
2018-09-17,"2,303.01"
2018-09-18,"2,308.98"
2018-09-19,"2,308.46"
2018-09-20,"2,323.45"
2018-09-21,"2,339.17"
2018-09-27,"2,355.43"
2018-09-28,"2,343.07"
2018-10-01,"2,338.88"
2018-10-02,"2,309.57"
2018-10-04,"2,274.49"
2018-10-05,"2,267.52"
2018-10-08,"2,253.83"
2018-10-10,"2,228.61"
2018-10-11,"2,129.67"
2018-10-12,"2,161.85"
2018-10-15,"2,145.12"
2018-10-16,"2,145.12"
2018-10-17,"2,167.51"
2018-10-18,"2,148.31"
2018-10-19,"2,156.26"
2018-10-22,"2,161.71"
2018-10-23,"2,106.10"
2018-10-24,"2,097.58"
2018-10-25,"2,063.30"
2018-10-26,"2,027.15"
2018-10-29,"1,996.05"
2018-10-30,"2,014.69"
2018-10-31,"2,029.69"
2018-11-01,"2,024.46"
2018-11-02,"2,096.00"
2018-11-05,"2,076.92"
2018-11-06,"2,089.62"
2018-11-07,"2,078.69"
2018-11-08,"2,092.63"
2018-11-09,"2,086.09"
2018-11-12,"2,080.44"
2018-11-13,"2,071.23"
2018-11-14,"2,068.05"
2018-11-15,"2,088.06"
2018-11-16,"2,092.40"
2018-11-19,"2,100.56"
2018-11-20,"2,082.58"
2018-11-21,"2,076.55"
2018-11-22,"2,069.95"
2018-11-23,"2,057.48"
2018-11-26,"2,083.02"
2018-11-27,"2,099.42"
2018-11-28,"2,108.22"
2018-11-29,"2,114.10"
2018-11-30,"2,096.86"
2018-12-03,"2,131.93"
2018-12-04,"2,114.35"
2018-12-05,"2,101.31"
2018-12-06,"2,068.69"
2018-12-07,"2,075.76"
2018-12-10,"2,053.79"
2018-12-11,"2,052.97"
2018-12-12,"2,082.57"
2018-12-13,"2,095.55"
2018-12-14,"2,069.38"
2018-12-17,"2,071.09"
2018-12-18,"2,062.11"
2018-12-19,"2,078.84"
2018-12-20,"2,060.12"
2018-12-21,"2,061.49"
2018-12-24,"2,055.01"
2018-12-26,"2,028.01"
2018-12-27,"2,028.44"
2018-12-28,"2,041.04"
2019-01-02,"2,010.00"
2019-01-03,"1,993.70"
2019-01-04,"2,010.25"
2019-01-07,"2,037.10"
2019-01-08,"2,025.27"
2019-01-09,"2,064.71"
2019-01-10,"2,063.28"
2019-01-11,"2,075.57"
2019-01-14,"2,064.52"
2019-01-15,"2,097.18"
2019-01-16,"2,106.10"
2019-01-17,"2,107.06"
2019-01-18,"2,124.28"
2019-01-21,"2,124.61"
2019-01-22,"2,117.77"
2019-01-23,"2,127.78"
2019-01-24,"2,145.03"
2019-01-25,"2,177.73"
2019-01-28,"2,177.30"
2019-01-29,"2,183.36"
2019-01-30,"2,206.20"
2019-01-31,"2,204.85"
2019-02-01,"2,203.46"
2019-02-07,"2,203.42"
2019-02-08,"2,177.05"
2019-02-11,"2,180.73"
2019-02-12,"2,190.47"
2019-02-13,"2,201.48"
2019-02-14,"2,225.85"
2019-02-15,"2,196.09"
2019-02-18,"2,210.89"
2019-02-19,"2,205.63"
2019-02-20,"2,229.76"
2019-02-21,"2,228.66"
2019-02-22,"2,230.50"
2019-02-25,"2,232.56"
2019-02-26,"2,226.60"
2019-02-27,"2,234.79"
2019-02-28,"2,195.44"
2019-03-04,"2,190.66"
2019-03-05,"2,179.23"
2019-03-06,"2,175.60"
2019-03-07,"2,165.79"
2019-03-08,"2,137.44"
2019-03-11,"2,138.10"
2019-03-12,"2,157.18"
2019-03-13,"2,148.41"
2019-03-14,"2,155.68"
2019-03-15,"2,176.11"
2019-03-18,"2,179.49"
2019-03-19,"2,177.62"
2019-03-20,"2,177.10"
2019-03-21,"2,184.88"
2019-03-22,"2,186.95"
2019-03-25,"2,144.86"
2019-03-26,"2,148.80"
2019-03-27,"2,145.62"
2019-03-28,"2,128.10"
2019-03-29,"2,140.67"
2019-04-01,"2,168.28"
2019-04-02,"2,177.18"
2019-04-03,"2,203.27"
2019-04-04,"2,206.53"
2019-04-05,"2,209.61"
2019-04-08,"2,210.60"
2019-04-09,"2,213.56"
2019-04-10,"2,224.39"
2019-04-11,"2,224.44"
2019-04-12,"2,233.45"
2019-04-15,"2,242.88"
2019-04-16,"2,248.63"
2019-04-17,"2,245.89"
2019-04-18,"2,213.77"
2019-04-19,"2,216.15"
2019-04-22,"2,216.65"
2019-04-23,"2,220.51"
2019-04-24,"2,201.03"
2019-04-25,"2,190.50"
2019-04-26,"2,179.31"
2019-04-29,"2,216.43"
2019-04-30,"2,203.59"
2019-05-02,"2,212.75"
2019-05-03,"2,196.32"
2019-05-07,"2,176.99"
2019-05-08,"2,168.01"
2019-05-09,"2,102.01"
2019-05-10,"2,108.04"
2019-05-13,"2,079.01"
2019-05-14,"2,081.84"
2019-05-15,"2,092.78"
2019-05-16,"2,067.69"
2019-05-17,"2,055.80"
2019-05-20,"2,055.71"
2019-05-21,"2,061.25"
2019-05-22,"2,064.86"
2019-05-23,"2,059.59"
2019-05-24,"2,045.31"
2019-05-27,"2,044.21"
2019-05-28,"2,048.83"
2019-05-29,"2,023.32"
2019-05-30,"2,038.80"
2019-05-31,"2,041.74"
2019-06-03,"2,067.85"
2019-06-04,"2,066.97"
2019-06-05,"2,069.11"
2019-06-07,"2,072.33"
2019-06-10,"2,099.49"
2019-06-11,"2,111.81"
2019-06-12,"2,108.75"
2019-06-13,"2,103.15"
2019-06-14,"2,095.41"
2019-06-17,"2,090.73"
2019-06-18,"2,098.71"
2019-06-19,"2,124.78"
2019-06-20,"2,131.29"
2019-06-21,"2,125.62"
2019-06-24,"2,126.33"
2019-06-25,"2,121.64"
2019-06-26,"2,121.85"
2019-06-27,"2,134.32"
2019-06-28,"2,130.62"
2019-07-01,"2,129.74"
2019-07-02,"2,122.02"
2019-07-03,"2,096.02"
2019-07-04,"2,108.73"
2019-07-05,"2,110.59"
2019-07-08,"2,064.17"
2019-07-09,"2,052.03"
2019-07-10,"2,058.78"
2019-07-11,"2,080.58"
2019-07-12,"2,086.66"
2019-07-15,"2,082.48"
2019-07-16,"2,091.87"
2019-07-17,"2,072.92"
2019-07-18,"2,066.55"
2019-07-19,"2,094.36"
2019-07-22,"2,093.34"
2019-07-23,"2,101.45"
2019-07-24,"2,082.30"
2019-07-25,"2,074.48"
2019-07-26,"2,066.26"
2019-07-29,"2,029.48"
2019-07-30,"2,038.68"
2019-07-31,"2,024.55"
2019-08-01,"2,017.34"
2019-08-02,"1,998.13"
2019-08-05,"1,946.98"
2019-08-06,"1,917.50"
2019-08-07,"1,909.71"
2019-08-08,"1,920.61"
2019-08-09,"1,937.75"
2019-08-12,"1,942.29"
2019-08-13,"1,925.83"
2019-08-14,"1,938.37"
2019-08-16,"1,927.17"
2019-08-19,"1,939.90"
2019-08-20,"1,960.25"
2019-08-21,"1,964.65"
2019-08-22,"1,951.01"
2019-08-23,"1,948.30"
2019-08-26,"1,916.31"
2019-08-27,"1,924.60"
2019-08-28,"1,941.09"
2019-08-29,"1,933.41"
2019-08-30,"1,967.79"
2019-09-02,"1,969.19"
2019-09-03,"1,965.69"
2019-09-04,"1,988.53"
2019-09-05,"2,004.75"
2019-09-06,"2,009.13"
2019-09-09,"2,019.55"
2019-09-10,"2,032.08"
2019-09-11,"2,049.20"
2019-09-16,"2,062.22"
2019-09-17,"2,062.33"
2019-09-18,"2,070.73"
2019-09-19,"2,080.35"
2019-09-20,"2,091.52"
2019-09-23,"2,091.70"
2019-09-24,"2,101.04"
2019-09-25,"2,073.39"
2019-09-26,"2,074.52"
2019-09-27,"2,049.93"
2019-09-30,"2,063.05"
2019-10-01,"2,072.42"
2019-10-02,"2,031.91"
2019-10-04,"2,020.69"
2019-10-07,"2,021.73"
2019-10-08,"2,046.25"
2019-10-10,"2,028.15"
2019-10-11,"2,044.61"
2019-10-14,"2,067.40"
2019-10-15,"2,068.17"
2019-10-16,"2,082.83"
2019-10-17,"2,077.94"
2019-10-18,"2,060.69"
2019-10-21,"2,064.84"
2019-10-22,"2,088.86"
2019-10-23,"2,080.62"
2019-10-24,"2,085.66"
2019-10-25,"2,087.89"
2019-10-28,"2,093.60"
2019-10-29,"2,092.69"
2019-10-30,"2,080.27"
2019-10-31,"2,083.48"
2019-11-01,"2,100.20"
2019-11-04,"2,130.24"
2019-11-05,"2,142.64"
2019-11-06,"2,144.15"
2019-11-07,"2,144.29"
2019-11-08,"2,137.23"
2019-11-11,"2,124.09"
2019-11-12,"2,140.92"
2019-11-13,"2,122.45"
2019-11-14,"2,139.23"
2019-11-15,"2,162.18"
2019-11-18,"2,160.69"
2019-11-19,"2,153.24"
2019-11-20,"2,125.32"
2019-11-21,"2,096.60"
2019-11-22,"2,101.96"
2019-11-25,"2,123.50"
2019-11-26,"2,121.35"
2019-11-27,"2,127.85"
2019-11-28,"2,118.60"
2019-11-29,"2,087.96"
2019-12-02,"2,091.92"
2019-12-03,"2,084.07"
2019-12-04,"2,068.89"
2019-12-05,"2,060.74"
2019-12-06,"2,081.85"
2019-12-09,"2,088.65"
2019-12-10,"2,098.00"
2019-12-11,"2,105.62"
2019-12-12,"2,137.35"
2019-12-13,"2,170.25"
2019-12-16,"2,168.15"
2019-12-17,"2,195.68"
2019-12-18,"2,194.76"
2019-12-19,"2,196.56"
2019-12-20,"2,204.18"
2019-12-23,"2,203.71"
2019-12-24,"2,190.08"
2019-12-26,"2,197.93"
2019-12-27,"2,204.21"
2019-12-30,"2,197.67"
2020-01-02,"2,175.17"
2020-01-03,"2,176.46"
2020-01-06,"2,155.07"
2020-01-07,"2,175.54"
2020-01-08,"2,151.31"
2020-01-09,"2,186.45"
2020-01-10,"2,206.39"
2020-01-13,"2,229.26"
2020-01-14,"2,238.88"
2020-01-15,"2,230.98"
2020-01-16,"2,248.05"
2020-01-17,"2,250.57"
2020-01-20,"2,262.64"
2020-01-21,"2,239.69"
2020-01-22,"2,267.25"
2020-01-23,"2,246.13"
2020-01-28,"2,176.72"
2020-01-29,"2,185.28"
2020-01-30,"2,148.00"
2020-01-31,"2,119.01"
2020-02-03,"2,118.88"
2020-02-04,"2,157.90"
2020-02-05,"2,165.63"
2020-02-06,"2,227.94"
2020-02-07,"2,211.95"
2020-02-10,"2,201.07"
2020-02-11,"2,223.12"
2020-02-12,"2,238.38"
2020-02-13,"2,232.96"
2020-02-14,"2,243.59"
2020-02-17,"2,242.17"
2020-02-18,"2,208.88"
2020-02-19,"2,210.34"
2020-02-20,"2,195.50"
2020-02-21,"2,162.84"
2020-02-24,"2,079.04"
2020-02-25,"2,103.61"
2020-02-26,"2,076.77"
2020-02-27,"2,054.89"
2020-02-28,"1,987.01"
2020-03-02,"2,002.51"
2020-03-03,"2,014.15"
2020-03-04,"2,059.33"
2020-03-05,"2,085.26"
2020-03-06,"2,040.22"
2020-03-09,"1,954.77"
2020-03-10,"1,962.93"
2020-03-11,"1,908.27"
2020-03-12,"1,834.33"
2020-03-13,"1,771.44"
2020-03-16,"1,714.86"
2020-03-17,"1,672.44"
2020-03-18,"1,591.20"
2020-03-19,"1,457.64"
2020-03-20,"1,566.15"
2020-03-23,"1,482.46"
2020-03-24,"1,609.97"
2020-03-25,"1,704.76"
2020-03-26,"1,686.24"
2020-03-27,"1,717.73"
2020-03-30,"1,717.12"
2020-03-31,"1,754.64"
2020-04-01,"1,685.46"
2020-04-02,"1,724.86"
2020-04-03,"1,725.44"
2020-04-06,"1,791.88"
2020-04-07,"1,823.60"
2020-04-08,"1,807.14"
2020-04-09,"1,836.21"
2020-04-10,"1,860.70"
2020-04-13,"1,825.76"
2020-04-14,"1,857.08"
2020-04-16,"1,857.07"
2020-04-17,"1,914.53"
2020-04-20,"1,898.36"
2020-04-21,"1,879.38"
2020-04-22,"1,896.15"
2020-04-23,"1,914.73"
2020-04-24,"1,889.01"
2020-04-27,"1,922.77"
2020-04-28,"1,934.09"
2020-04-29,"1,947.56"
2020-05-04,"1,895.37"
2020-05-06,"1,928.76"
2020-05-07,"1,928.61"
2020-05-08,"1,945.82"
2020-05-11,"1,935.40"
2020-05-12,"1,922.17"
2020-05-13,"1,940.42"
2020-05-14,"1,924.96"
2020-05-15,"1,927.28"
2020-05-18,"1,937.11"
2020-05-19,"1,980.61"
2020-05-20,"1,989.64"
2020-05-21,"1,998.31"
2020-05-22,"1,970.13"
2020-05-25,"1,994.60"
2020-05-26,"2,029.78"
2020-05-27,"2,031.20"
2020-05-28,"2,028.54"
2020-05-29,"2,029.60"
2020-06-01,"2,065.08"
2020-06-02,"2,087.19"
2020-06-03,"2,147.00"
2020-06-04,"2,151.18"
2020-06-05,"2,181.87"
2020-06-08,"2,184.29"
2020-06-09,"2,188.92"
2020-06-10,"2,195.69"
2020-06-11,"2,176.78"
2020-06-12,"2,132.30"
2020-06-15,"2,030.82"
2020-06-16,"2,138.05"
2020-06-17,"2,141.05"
2020-06-18,"2,133.48"
2020-06-19,"2,141.32"
2020-06-22,"2,126.73"
2020-06-23,"2,131.24"
2020-06-24,"2,161.51"
2020-06-25,"2,112.37"
2020-06-26,"2,134.65"
2020-06-29,"2,093.48"
2020-06-30,"2,108.33"
2020-07-01,"2,106.70"
2020-07-02,"2,135.37"
2020-07-03,"2,152.41"
2020-07-06,"2,187.93"
2020-07-07,"2,164.17"
2020-07-08,"2,158.88"
2020-07-09,"2,167.90"
2020-07-10,"2,150.25"
2020-07-13,"2,186.06"
2020-07-14,"2,183.61"
2020-07-15,"2,201.88"
2020-07-16,"2,183.76"
2020-07-17,"2,201.19"
2020-07-20,"2,198.20"
2020-07-21,"2,228.83"
2020-07-22,"2,228.66"
2020-07-23,"2,216.19"
2020-07-24,"2,200.44"
2020-07-27,"2,217.86"
2020-07-28,"2,256.99"
2020-07-29,"2,263.16"
2020-07-30,"2,267.01"
2020-07-31,"2,249.37"
2020-08-03,"2,251.04"
2020-08-04,"2,279.97"
2020-08-05,"2,311.86"
2020-08-06,"2,342.61"
2020-08-07,"2,351.67"
2020-08-10,"2,386.38"
2020-08-11,"2,418.67"
2020-08-12,"2,432.35"
2020-08-13,"2,437.53"
2020-08-14,"2,407.49"
2020-08-18,"2,348.24"
2020-08-19,"2,360.54"
2020-08-20,"2,274.22"
2020-08-21,"2,304.59"
2020-08-24,"2,329.83"
2020-08-25,"2,366.73"
2020-08-26,"2,369.32"
2020-08-27,"2,344.45"
2020-08-28,"2,353.80"
2020-08-31,"2,326.17"
2020-09-01,"2,349.55"
2020-09-02,"2,364.37"
2020-09-03,"2,395.90"
2020-09-04,"2,368.25"
2020-09-07,"2,384.22"
2020-09-08,"2,401.91"
2020-09-09,"2,375.81"
2020-09-10,"2,396.48"
2020-09-11,"2,396.69"
2020-09-14,"2,427.91"
2020-09-15,"2,443.58"
2020-09-16,"2,435.92"
2020-09-17,"2,406.17"
2020-09-18,"2,412.40"
2020-09-21,"2,389.39"
2020-09-22,"2,332.59"
2020-09-23,"2,333.24"
2020-09-24,"2,272.70"
2020-09-25,"2,278.79"
2020-09-28,"2,308.08"
2020-09-29,"2,327.89"
2020-10-05,"2,358.00"
2020-10-06,"2,365.90"
2020-10-07,"2,386.94"
2020-10-08,"2,391.96"
2020-10-12,"2,403.73"
2020-10-13,"2,403.15"
2020-10-14,"2,380.48"
2020-10-15,"2,361.21"
2020-10-16,"2,341.53"
2020-10-19,"2,346.74"
2020-10-20,"2,358.41"
2020-10-21,"2,370.86"
2020-10-22,"2,355.05"
2020-10-23,"2,360.81"
2020-10-26,"2,343.91"
2020-10-27,"2,330.84"
2020-10-28,"2,345.26"
2020-10-29,"2,326.67"
2020-10-30,"2,267.15"
2020-11-02,"2,300.16"
2020-11-03,"2,343.31"
2020-11-04,"2,357.32"
2020-11-05,"2,413.79"
2020-11-06,"2,416.50"
2020-11-09,"2,447.20"
2020-11-10,"2,452.83"
2020-11-11,"2,485.87"
2020-11-12,"2,475.62"
2020-11-13,"2,493.87"
2020-11-16,"2,543.03"
2020-11-17,"2,539.15"
2020-11-18,"2,545.64"
2020-11-19,"2,547.42"
2020-11-20,"2,553.50"
2020-11-23,"2,602.59"
2020-11-24,"2,617.76"
2020-11-25,"2,601.54"
2020-11-26,"2,625.91"
2020-11-27,"2,633.45"
2020-11-30,"2,591.34"
2020-12-01,"2,634.25"
2020-12-02,"2,675.90"
2020-12-03,"2,696.22"
2020-12-04,"2,731.45"
2020-12-07,"2,745.44"
2020-12-08,"2,700.93"
2020-12-09,"2,755.47"
2020-12-10,"2,746.46"
2020-12-11,"2,770.06"
2020-12-14,"2,762.20"
2020-12-15,"2,756.82"
2020-12-16,"2,771.79"
2020-12-17,"2,770.43"
2020-12-18,"2,772.18"
2020-12-21,"2,778.65"
2020-12-22,"2,733.68"
2020-12-23,"2,759.82"
2020-12-24,"2,806.86"
2020-12-28,"2,808.60"
2020-12-29,"2,820.51"
2020-12-30,"2,873.47"
2021-01-04,"2,944.45"
2021-01-05,"2,990.57"
2021-01-06,"2,968.21"
2021-01-07,"3,031.68"
2021-01-08,"3,152.18"
2021-01-11,"3,148.45"
2021-01-12,"3,125.95"
2021-01-13,"3,148.29"
2021-01-14,"3,149.93"
2021-01-15,"3,085.90"
2021-01-18,"3,013.93"
2021-01-19,"3,092.66"
2021-01-20,"3,114.55"
2021-01-21,"3,160.84"
2021-01-22,"3,140.63"
2021-01-25,"3,208.99"
2021-01-26,"3,140.31"
2021-01-27,"3,122.56"
2021-01-28,"3,069.05"
2021-01-29,"2,976.21"
2021-02-01,"3,056.53"
2021-02-02,"3,096.81"
2021-02-03,"3,129.68"
2021-02-04,"3,087.55"
2021-02-05,"3,120.63"
2021-02-08,"3,091.24"
2021-02-09,"3,084.67"
2021-02-10,"3,100.58"
2021-02-15,"3,147.00"
2021-02-16,"3,163.25"
2021-02-17,"3,133.73"
2021-02-18,"3,086.66"
2021-02-19,"3,107.62"
2021-02-22,"3,079.75"
2021-02-23,"3,070.09"
2021-02-24,"2,994.98"
2021-02-25,"3,099.69"
2021-02-26,"3,012.95"
2021-03-02,"3,043.87"
2021-03-03,"3,082.99"
2021-03-04,"3,043.49"
2021-03-05,"3,026.26"
2021-03-08,"2,996.11"
2021-03-09,"2,976.12"
2021-03-10,"2,958.12"
2021-03-11,"3,013.70"
2021-03-12,"3,054.39"
2021-03-15,"3,045.71"
2021-03-16,"3,067.17"
2021-03-17,"3,047.50"
2021-03-18,"3,066.01"
2021-03-19,"3,039.53"
2021-03-22,"3,035.46"
2021-03-23,"3,004.74"
2021-03-24,"2,996.35"
2021-03-25,"3,008.33"
2021-03-26,"3,041.01"
2021-03-29,"3,036.04"
2021-03-30,"3,070.00"
2021-03-31,"3,061.42"
2021-04-01,"3,087.40"
2021-04-02,"3,112.80"
2021-04-05,"3,120.83"
2021-04-06,"3,127.08"
2021-04-07,"3,137.41"
2021-04-08,"3,143.26"
2021-04-09,"3,131.88"
2021-04-12,"3,135.59"
2021-04-13,"3,169.08"
2021-04-14,"3,182.38"
2021-04-15,"3,194.33"
2021-04-16,"3,198.62"
2021-04-19,"3,198.84"
2021-04-20,"3,220.70"
2021-04-21,"3,171.66"
2021-04-22,"3,177.52"
2021-04-23,"3,186.10"
2021-04-26,"3,217.53"
2021-04-27,"3,215.42"
2021-04-28,"3,181.47"
2021-04-29,"3,174.07"
2021-04-30,"3,147.86"
2021-05-03,"3,127.20"
2021-05-04,"3,147.37"
2021-05-06,"3,178.74"
2021-05-07,"3,197.20"
2021-05-10,"3,249.30"
2021-05-11,"3,209.43"
2021-05-12,"3,161.66"
2021-05-13,"3,122.11"
2021-05-14,"3,153.32"
2021-05-17,"3,134.52"
2021-05-18,"3,173.05"
2021-05-20,"3,162.28"
2021-05-21,"3,156.42"
2021-05-24,"3,144.30"
2021-05-25,"3,171.32"
2021-05-26,"3,168.43"
2021-05-27,"3,165.51"
2021-05-28,"3,188.73"
2021-05-31,"3,203.92"
2021-06-01,"3,221.87"
2021-06-02,"3,224.23"
2021-06-03,"3,247.43"
2021-06-04,"3,240.08"
2021-06-07,"3,252.12"
2021-06-08,"3,247.83"
2021-06-09,"3,216.18"
2021-06-10,"3,224.64"
2021-06-11,"3,249.32"
2021-06-14,"3,252.13"
2021-06-15,"3,258.63"
2021-06-16,"3,278.68"
2021-06-17,"3,264.96"
2021-06-18,"3,267.93"
2021-06-21,"3,240.79"
2021-06-22,"3,263.88"
2021-06-23,"3,276.19"
2021-06-24,"3,286.10"
2021-06-25,"3,302.84"
2021-06-28,"3,301.89"
2021-06-29,"3,286.68"
2021-06-30,"3,296.68"
2021-07-01,"3,282.06"
2021-07-02,"3,281.78"
2021-07-05,"3,293.21"
2021-07-06,"3,305.21"
2021-07-07,"3,285.34"
2021-07-08,"3,252.68"
2021-07-09,"3,217.95"
2021-07-12,"3,246.47"
2021-07-13,"3,271.38"
2021-07-14,"3,264.81"
2021-07-15,"3,286.22"
2021-07-16,"3,276.91"
2021-07-19,"3,244.04"
2021-07-20,"3,232.70"
2021-07-21,"3,215.91"
2021-07-22,"3,250.21"
2021-07-23,"3,254.42"
2021-07-26,"3,224.95"
2021-07-27,"3,232.53"
2021-07-28,"3,236.86"
2021-07-29,"3,242.65"
2021-07-30,"3,202.32"
2021-08-02,"3,223.04"
2021-08-03,"3,237.14"
2021-08-04,"3,280.38"
2021-08-05,"3,276.13"
2021-08-06,"3,270.36"
2021-08-09,"3,260.42"
2021-08-10,"3,243.19"
2021-08-11,"3,220.62"
2021-08-12,"3,208.38"
2021-08-13,"3,171.29"
2021-08-17,"3,143.09"
2021-08-18,"3,158.93"
2021-08-19,"3,097.83"
2021-08-20,"3,060.51"
2021-08-23,"3,090.21"
2021-08-24,"3,138.30"
2021-08-25,"3,146.81"
2021-08-26,"3,128.53"
2021-08-27,"3,133.90"
2021-08-30,"3,144.19"
2021-08-31,"3,199.27"
2021-09-01,"3,207.02"
2021-09-02,"3,175.85"
2021-09-03,"3,201.06"
2021-09-06,"3,203.33"
2021-09-07,"3,187.42"
2021-09-08,"3,162.99"
2021-09-09,"3,114.70"
2021-09-10,"3,125.76"
2021-09-13,"3,127.86"
2021-09-14,"3,148.83"
2021-09-15,"3,153.40"
2021-09-16,"3,130.09"
2021-09-17,"3,140.51"
2021-09-23,"3,127.58"
2021-09-24,"3,125.24"
2021-09-27,"3,133.64"
2021-09-28,"3,097.92"
2021-09-29,"3,060.27"
2021-09-30,"3,068.82"
2021-10-01,"3,019.18"
2021-10-05,"2,962.17"
2021-10-06,"2,908.31"
2021-10-07,"2,959.46"
2021-10-08,"2,956.30"
2021-10-12,"2,916.38"
2021-10-13,"2,944.41"
2021-10-14,"2,988.64"
2021-10-15,"3,015.06"
2021-10-18,"3,006.68"
2021-10-19,"3,029.04"
2021-10-20,"3,013.13"
2021-10-21,"3,007.33"
2021-10-22,"3,006.16"
2021-10-25,"3,020.54"
2021-10-26,"3,049.08"
2021-10-27,"3,025.49"
2021-10-28,"3,009.55"
2021-10-29,"2,970.68"
2021-11-01,"2,978.94"
2021-11-02,"3,013.49"
2021-11-03,"2,975.71"
2021-11-04,"2,983.22"
2021-11-05,"2,969.27"
2021-11-08,"2,960.20"
2021-11-09,"2,962.46"
2021-11-10,"2,930.17"
2021-11-11,"2,924.92"
2021-11-12,"2,968.80"
2021-11-15,"2,999.52"
2021-11-16,"2,997.21"
2021-11-17,"2,962.42"
2021-11-18,"2,947.38"
2021-11-19,"2,971.02"
2021-11-22,"3,013.25"
2021-11-23,"2,997.33"
2021-11-24,"2,994.29"
2021-11-25,"2,980.27"
2021-11-26,"2,936.44"
2021-11-29,"2,909.32"
2021-11-30,"2,839.01"
2021-12-01,"2,899.72"
2021-12-02,"2,945.27"
2021-12-03,"2,968.33"
2021-12-06,"2,973.25"
2021-12-07,"2,991.72"
2021-12-08,"3,001.80"
2021-12-09,"3,029.57"
2021-12-10,"3,010.23"
2021-12-13,"3,001.66"
2021-12-14,"2,987.95"
2021-12-15,"2,989.39"
2021-12-16,"3,006.41"
2021-12-17,"3,017.73"
2021-12-20,"2,963.00"
2021-12-21,"2,975.03"
2021-12-22,"2,984.48"
2021-12-23,"2,998.17"
2021-12-24,"3,012.43"
2021-12-27,"2,999.55"
2021-12-28,"3,020.24"
2021-12-29,"2,993.29"
2021-12-30,"2,977.65"
2022-01-03,"2,988.77"
2022-01-04,"2,989.24"
2022-01-05,"2,953.97"
2022-01-06,"2,920.53"
2022-01-07,"2,954.89"
2022-01-10,"2,926.72"
2022-01-11,"2,927.38"
2022-01-12,"2,972.48"
2022-01-13,"2,962.09"
2022-01-14,"2,921.92"
2022-01-17,"2,890.10"
2022-01-18,"2,864.24"
2022-01-19,"2,842.28"
2022-01-20,"2,862.68"
2022-01-21,"2,834.29"
2022-01-24,"2,792.00"
2022-01-25,"2,720.39"
2022-01-26,"2,709.24"
2022-01-27,"2,614.49"
2022-01-28,"2,663.34"
2022-02-03,"2,707.82"
2022-02-04,"2,750.26"
2022-02-07,"2,745.06"
2022-02-08,"2,746.47"
2022-02-09,"2,768.85"
2022-02-10,"2,771.93"
2022-02-11,"2,747.71"
2022-02-14,"2,704.48"
2022-02-15,"2,676.54"
2022-02-16,"2,729.68"
2022-02-17,"2,744.09"
2022-02-18,"2,744.52"
2022-02-21,"2,743.80"
2022-02-22,"2,706.79"
2022-02-23,"2,719.53"
2022-02-24,"2,648.80"
2022-02-25,"2,676.76"
2022-02-28,"2,699.18"
2022-03-02,"2,703.52"
2022-03-03,"2,747.08"
2022-03-04,"2,713.43"
2022-03-07,"2,651.31"
2022-03-08,"2,622.40"
2022-03-10,"2,680.32"
2022-03-11,"2,661.28"
2022-03-14,"2,645.65"
2022-03-15,"2,621.53"
2022-03-16,"2,659.23"
2022-03-17,"2,694.51"
2022-03-18,"2,707.02"
2022-03-21,"2,686.05"
2022-03-22,"2,710.00"
2022-03-23,"2,735.05"
2022-03-24,"2,729.66"
2022-03-25,"2,729.98"
2022-03-28,"2,729.56"
2022-03-29,"2,741.07"
2022-03-30,"2,746.74"
2022-03-31,"2,757.65"
2022-04-01,"2,739.85"
2022-04-04,"2,757.90"
2022-04-05,"2,759.20"
2022-04-06,"2,735.03"
2022-04-07,"2,695.86"
2022-04-08,"2,700.39"
2022-04-11,"2,693.10"
2022-04-12,"2,666.76"
2022-04-13,"2,716.49"
2022-04-14,"2,716.71"
2022-04-15,"2,696.06"
2022-04-18,"2,693.21"
2022-04-19,"2,718.89"
2022-04-20,"2,718.69"
2022-04-21,"2,728.21"
2022-04-22,"2,704.71"
2022-04-25,"2,657.13"
2022-04-26,"2,668.31"
2022-04-27,"2,639.06"
2022-04-28,"2,667.49"
2022-04-29,"2,695.05"
2022-05-02,"2,687.45"
2022-05-03,"2,680.46"
2022-05-04,"2,677.57"
2022-05-06,"2,644.51"
2022-05-09,"2,610.81"
2022-05-10,"2,596.56"
2022-05-11,"2,592.27"
2022-05-12,"2,550.08"
2022-05-13,"2,604.24"
2022-05-16,"2,596.58"
2022-05-17,"2,620.44"
2022-05-18,"2,625.98"
2022-05-19,"2,592.34"
2022-05-20,"2,639.29"
2022-05-23,"2,647.38"
2022-05-24,"2,605.87"
2022-05-25,"2,617.22"
2022-05-26,"2,612.45"
2022-05-27,"2,638.05"
2022-05-30,"2,669.66"
2022-05-31,"2,685.90"
2022-06-02,"2,658.99"
2022-06-03,"2,670.65"
2022-06-07,"2,626.34"
2022-06-08,"2,626.15"
2022-06-09,"2,625.44"
2022-06-10,"2,595.87"
2022-06-13,"2,504.51"
2022-06-14,"2,492.97"
2022-06-15,"2,447.38"
2022-06-16,"2,451.41"
2022-06-17,"2,440.93"
2022-06-20,"2,391.03"
2022-06-21,"2,408.93"
2022-06-22,"2,342.81"
2022-06-23,"2,314.32"
2022-06-24,"2,366.60"
2022-06-27,"2,401.92"
2022-06-28,"2,422.09"
2022-06-29,"2,377.99"
2022-06-30,"2,332.64"
2022-07-01,"2,305.42"
2022-07-04,"2,300.34"
2022-07-05,"2,341.78"
2022-07-06,"2,292.01"
2022-07-07,"2,334.27"
2022-07-08,"2,350.61"
2022-07-11,"2,340.27"
2022-07-12,"2,317.76"
2022-07-13,"2,328.61"
2022-07-14,"2,322.32"
2022-07-15,"2,330.98"
2022-07-18,"2,375.25"
2022-07-19,"2,370.97"
2022-07-20,"2,386.85"
2022-07-21,"2,409.16"
2022-07-22,"2,393.14"
2022-07-25,"2,403.69"
2022-07-26,"2,412.96"
2022-07-27,"2,415.53"
2022-07-28,"2,435.27"
2022-07-29,"2,451.50"
2022-08-01,"2,452.25"
2022-08-02,"2,439.62"
2022-08-03,"2,461.45"
2022-08-04,"2,473.11"
2022-08-05,"2,490.80"
2022-08-08,"2,493.10"
2022-08-09,"2,503.46"
2022-08-10,"2,480.88"
2022-08-11,"2,523.78"
2022-08-12,"2,527.94"
2022-08-16,"2,533.52"
2022-08-17,"2,516.47"
2022-08-18,"2,508.05"
2022-08-19,"2,492.69"
2022-08-22,"2,462.50"
2022-08-23,"2,435.34"
2022-08-24,"2,447.45"
2022-08-25,"2,477.26"
2022-08-26,"2,481.03"
2022-08-29,"2,426.89"
2022-08-30,"2,450.93"
2022-08-31,"2,472.05"
2022-09-01,"2,415.61"
2022-09-02,"2,409.41"
2022-09-05,"2,403.68"
2022-09-06,"2,410.02"
2022-09-07,"2,376.46"
2022-09-08,"2,384.28"
2022-09-13,"2,449.54"
2022-09-14,"2,411.42"
2022-09-15,"2,401.83"
2022-09-16,"2,382.78"
2022-09-19,"2,355.66"
2022-09-20,"2,367.85"
2022-09-21,"2,347.21"
2022-09-22,"2,332.31"
2022-09-23,"2,290.00"
2022-09-26,"2,220.94"
2022-09-27,"2,223.86"
2022-09-28,"2,169.29"
2022-09-29,"2,170.93"
2022-09-30,"2,155.49"
2022-10-04,"2,209.38"
2022-10-05,"2,215.22"
2022-10-06,"2,237.86"
2022-10-07,"2,232.84"
2022-10-11,"2,192.07"
2022-10-12,"2,202.47"
2022-10-13,"2,162.87"
2022-10-14,"2,212.55"
2022-10-17,"2,219.71"
2022-10-18,"2,249.95"
2022-10-19,"2,237.44"
2022-10-20,"2,218.09"
2022-10-21,"2,213.12"
2022-10-24,"2,236.16"
2022-10-25,"2,235.07"
2022-10-26,"2,249.56"
2022-10-27,"2,288.78"
2022-10-28,"2,268.40"
2022-10-31,"2,293.61"
2022-11-01,"2,335.22"
2022-11-02,"2,336.87"
2022-11-03,"2,329.17"
2022-11-04,"2,348.43"
2022-11-07,"2,371.79"
2022-11-08,"2,399.04"
2022-11-09,"2,424.41"
2022-11-10,"2,402.23"
2022-11-11,"2,483.16"
2022-11-14,"2,474.65"
2022-11-15,"2,480.33"
2022-11-16,"2,477.45"
2022-11-17,"2,442.90"
2022-11-18,"2,444.48"
2022-11-21,"2,419.50"
2022-11-22,"2,405.27"
2022-11-23,"2,418.01"
2022-11-24,"2,441.33"
2022-11-25,"2,437.86"
2022-11-28,"2,408.27"
2022-11-29,"2,433.39"
2022-11-30,"2,472.53"
2022-12-01,"2,479.84"
2022-12-02,"2,434.33"
2022-12-05,"2,419.32"
2022-12-06,"2,393.16"
2022-12-07,"2,382.81"
2022-12-08,"2,371.08"
2022-12-09,"2,389.04"
2022-12-12,"2,373.02"
2022-12-13,"2,372.40"
2022-12-14,"2,399.25"
2022-12-15,"2,360.97"
2022-12-16,"2,360.02"
2022-12-19,"2,352.17"
2022-12-20,"2,333.29"
2022-12-21,"2,328.95"
2022-12-22,"2,356.73"
2022-12-23,"2,313.69"
2022-12-26,"2,317.14"
2022-12-27,"2,332.79"
2022-12-28,"2,280.45"
2022-12-29,"2,236.40"
2023-01-02,"2,225.67"
2023-01-03,"2,218.68"
2023-01-04,"2,255.98"
2023-01-05,"2,264.65"
2023-01-06,"2,289.97"
2023-01-09,"2,350.19"
2023-01-10,"2,351.31"
2023-01-11,"2,359.53"
2023-01-12,"2,365.10"
2023-01-13,"2,386.09"
2023-01-16,"2,399.86"
2023-01-17,"2,379.39"
2023-01-18,"2,368.32"
2023-01-19,"2,380.34"
2023-01-20,"2,395.26"
2023-01-25,"2,428.57"
2023-01-26,"2,468.65"
2023-01-27,"2,484.02"
2023-01-30,"2,450.47"
2023-01-31,"2,425.08"
2023-02-01,"2,449.80"
2023-02-02,"2,468.88"
2023-02-03,"2,480.40"
2023-02-06,"2,438.19"
2023-02-07,"2,451.71"
2023-02-08,"2,483.64"
2023-02-09,"2,481.52"
2023-02-10,"2,469.73"
2023-02-13,"2,452.70"
2023-02-14,"2,465.64"
2023-02-15,"2,427.90"
2023-02-16,"2,475.48"
2023-02-17,"2,451.21"
2023-02-20,"2,455.12"
2023-02-21,"2,458.96"
2023-02-22,"2,417.68"
2023-02-23,"2,439.09"
2023-02-24,"2,423.61"
2023-02-27,"2,402.64"
2023-02-28,"2,412.85"
2023-03-02,"2,427.85"
2023-03-03,"2,432.07"
2023-03-06,"2,462.62"
2023-03-07,"2,463.35"
2023-03-08,"2,431.91"
2023-03-09,"2,419.09"
2023-03-10,"2,394.59"
2023-03-13,"2,410.60"
2023-03-14,"2,348.97"
2023-03-15,"2,379.72"
2023-03-16,"2,377.91"
2023-03-17,"2,395.69"
2023-03-20,"2,379.20"
2023-03-21,"2,388.35"
2023-03-22,"2,416.96"
2023-03-23,"2,424.48"
2023-03-24,"2,414.96"
2023-03-27,"2,409.22"
2023-03-28,"2,434.94"
2023-03-29,"2,443.92"
2023-03-30,"2,453.16"
2023-03-31,"2,476.86"
2023-04-03,"2,472.34"
2023-04-04,"2,480.51"
2023-04-05,"2,495.21"
2023-04-06,"2,459.23"
2023-04-07,"2,490.41"
2023-04-10,"2,512.08"
2023-04-11,"2,547.86"
2023-04-12,"2,550.64"
2023-04-13,"2,561.66"
2023-04-14,"2,571.49"
2023-04-17,"2,575.91"
2023-04-18,"2,571.09"
2023-04-19,"2,575.08"
2023-04-20,"2,563.11"
2023-04-21,"2,544.40"
2023-04-24,"2,523.50"
2023-04-25,"2,489.02"
2023-04-26,"2,484.83"
2023-04-27,"2,495.81"
2023-04-28,"2,501.53"
2023-05-02,"2,524.39"
2023-05-03,"2,501.40"
2023-05-04,"2,500.94"
2023-05-08,"2,513.21"
2023-05-09,"2,510.06"
2023-05-10,"2,496.51"
2023-05-11,"2,491.00"
2023-05-12,"2,475.42"
2023-05-15,"2,479.35"
2023-05-16,"2,480.24"
2023-05-17,"2,494.66"
2023-05-18,"2,515.40"
2023-05-19,"2,537.79"
2023-05-22,"2,557.08"
2023-05-23,"2,567.55"
2023-05-24,"2,567.45"
2023-05-25,"2,554.69"
2023-05-26,"2,558.81"
2023-05-30,"2,585.52"
2023-05-31,"2,577.12"
2023-06-01,"2,569.17"
2023-06-02,"2,601.36"
2023-06-05,"2,615.41"
2023-06-07,"2,615.60"
2023-06-08,"2,610.85"
2023-06-09,"2,641.16"
2023-06-12,"2,629.35"
2023-06-13,"2,637.95"
2023-06-14,"2,619.08"
2023-06-15,"2,608.54"
2023-06-16,"2,625.79"
2023-06-19,"2,609.50"
2023-06-20,"2,604.91"
2023-06-21,"2,582.63"
2023-06-22,"2,593.70"
2023-06-23,"2,570.10"
2023-06-26,"2,582.20"
2023-06-27,"2,581.39"
2023-06-28,"2,564.19"
2023-06-29,"2,550.02"
2023-06-30,"2,564.28"
2023-07-03,"2,602.47"
2023-07-04,"2,593.31"
2023-07-05,"2,579.00"
2023-07-06,"2,556.29"
2023-07-07,"2,526.71"
2023-07-10,"2,520.70"
2023-07-11,"2,562.49"
2023-07-12,"2,574.72"
2023-07-13,"2,591.23"
2023-07-14,"2,628.30"
2023-07-17,"2,619.00"
2023-07-18,"2,607.62"
2023-07-19,"2,608.24"
2023-07-20,"2,600.23"
2023-07-21,"2,609.76"
2023-07-24,"2,628.53"
2023-07-25,"2,636.46"
2023-07-26,"2,592.36"
2023-07-27,"2,603.81"
2023-07-28,"2,608.32"
2023-07-31,"2,632.58"
2023-08-01,"2,667.07"
2023-08-02,"2,616.47"
2023-08-03,"2,605.39"
2023-08-04,"2,602.80"
2023-08-07,"2,580.71"
2023-08-08,"2,573.98"
2023-08-09,"2,605.12"
2023-08-10,"2,601.56"
2023-08-11,"2,591.26"
2023-08-14,"2,570.87"
2023-08-16,"2,525.64"
2023-08-17,"2,519.85"
2023-08-18,"2,504.50"
2023-08-21,"2,508.80"
2023-08-22,"2,515.74"
2023-08-23,"2,505.50"
2023-08-24,"2,537.68"
2023-08-25,"2,519.14"
2023-08-28,"2,543.41"
2023-08-29,"2,552.16"
2023-08-30,"2,561.22"
2023-08-31,"2,556.27"
2023-09-01,"2,563.71"
2023-09-04,"2,584.55"
2023-09-05,"2,582.18"
2023-09-06,"2,563.34"
2023-09-07,"2,548.26"
2023-09-08,"2,547.68"
2023-09-11,"2,556.88"
2023-09-12,"2,536.58"
2023-09-13,"2,534.70"
2023-09-14,"2,572.89"
2023-09-15,"2,601.28"
2023-09-18,"2,574.72"
2023-09-19,"2,559.21"
2023-09-20,"2,559.74"
2023-09-21,"2,514.97"
2023-09-22,"2,508.13"
2023-09-25,"2,495.76"
2023-09-26,"2,462.97"
2023-09-27,"2,465.07"
2023-10-04,"2,405.69"
2023-10-05,"2,403.60"
2023-10-06,"2,408.73"
2023-10-10,"2,402.58"
2023-10-11,"2,450.08"
2023-10-12,"2,479.82"
2023-10-13,"2,456.15"
2023-10-16,"2,436.24"
2023-10-17,"2,460.17"
2023-10-18,"2,462.60"
2023-10-19,"2,415.80"
2023-10-20,"2,375.00"
2023-10-23,"2,357.02"
2023-10-24,"2,383.51"
2023-10-25,"2,363.17"
2023-10-26,"2,299.08"
2023-10-27,"2,302.81"
2023-10-30,"2,310.55"
2023-10-31,"2,277.99"
2023-11-01,"2,301.56"
2023-11-02,"2,343.12"
2023-11-03,"2,368.34"
2023-11-06,"2,502.37"
2023-11-07,"2,443.96"
2023-11-08,"2,421.62"
2023-11-09,"2,427.08"
2023-11-10,"2,409.66"
2023-11-13,"2,403.76"
2023-11-14,"2,433.25"
2023-11-15,"2,486.67"
2023-11-16,"2,488.18"
2023-11-17,"2,469.85"
2023-11-20,"2,491.20"
2023-11-21,"2,510.42"
2023-11-22,"2,511.70"
2023-11-23,"2,514.96"
2023-11-24,"2,496.63"
2023-11-27,"2,495.66"
2023-11-28,"2,521.76"
2023-11-29,"2,519.81"
2023-11-30,"2,535.29"
2023-12-01,"2,505.01"
2023-12-04,"2,514.95"
2023-12-05,"2,494.28"
2023-12-06,"2,495.38"
2023-12-07,"2,492.07"
2023-12-08,"2,517.85"
2023-12-11,"2,525.36"
2023-12-12,"2,535.27"
2023-12-13,"2,510.66"
2023-12-14,"2,544.18"
2023-12-15,"2,563.56"
2023-12-18,"2,566.86"
2023-12-19,"2,568.55"
2023-12-20,"2,614.30"
2023-12-21,"2,600.02"
2023-12-22,"2,599.51"
2023-12-26,"2,602.59"
2023-12-27,"2,613.50"
2023-12-28,"2,655.28"
2024-01-02,"2,669.81"
2024-01-03,"2,607.31"
2024-01-04,"2,587.02"
2024-01-05,"2,578.08"
2024-01-08,"2,567.82"
2024-01-09,"2,561.24"
2024-01-10,"2,541.98"
2024-01-11,"2,540.27"
2024-01-12,"2,525.05"
2024-01-15,"2,525.99"
2024-01-16,"2,497.59"
2024-01-17,"2,435.90"
2024-01-18,"2,440.04"
2024-01-19,"2,472.74"
2024-01-22,"2,464.35"
2024-01-23,"2,478.61"
2024-01-24,"2,469.69"
2024-01-25,"2,470.34"
2024-01-26,"2,478.56"
2024-01-29,"2,500.65"
2024-01-30,"2,498.81"
2024-01-31,"2,497.09"
2024-02-01,"2,542.46"
2024-02-02,"2,615.31"
2024-02-05,"2,591.31"
2024-02-06,"2,576.20"
2024-02-07,"2,609.58"
2024-02-08,"2,620.32"
2024-02-13,"2,649.64"
2024-02-14,"2,620.42"
2024-02-15,"2,613.80"
2024-02-16,"2,648.76"
2024-02-19,"2,680.26"
2024-02-20,"2,657.79"
2024-02-21,"2,653.31"
2024-02-22,"2,664.27"
2024-02-23,"2,667.70"
2024-02-26,"2,647.08"
2024-02-27,"2,625.05"
2024-02-28,"2,652.29"
2024-02-29,"2,642.36"
2024-03-04,"2,674.27"
2024-03-05,"2,649.40"
2024-03-06,"2,641.49"
2024-03-07,"2,647.62"
2024-03-08,"2,680.35"
2024-03-11,"2,659.84"
2024-03-12,"2,681.81"
2024-03-13,"2,693.57"
2024-03-14,"2,718.76"
2024-03-15,"2,666.84"
2024-03-18,"2,685.84"
2024-03-19,"2,656.17"
